{
    "$schema": "https://schema.management.azure.com/schemas/2015-01-01/deploymentParameters.json#",
    "contentVersion": "1.0.0.0",
    "parameters": {
        "factoryName": {
            "value": "ujuestaradf"
        },
        "AzureBlobStorageadf_connectionString": {
            "value": ""
        },
        "AzureSqlDatabase1_password": {
            "value": ""
        },
        "AzureSqlDatabase1_properties_typeProperties_server": {
            "value": "ujuserver.database.windows.net"
        },
        "AzureSqlDatabase1_properties_typeProperties_database": {
            "value": "estherdatabase"
        },
        "AzureSqlDatabase1_properties_typeProperties_userName": {
            "value": "esther"
        }
    }
}